dateGame,formatted_date
2009-10-27,20091027
2009-10-28,20091028
2009-10-29,20091029
2009-10-30,20091030
2009-10-31,20091031
2009-11-01,20091101
2009-11-02,20091102
2009-11-03,20091103
2009-11-04,20091104
2009-11-05,20091105
2009-11-06,20091106
2009-11-07,20091107
2009-11-08,20091108
2009-11-09,20091109
2009-11-10,20091110
2009-11-11,20091111
2009-11-12,20091112
2009-11-13,20091113
2009-11-14,20091114
2009-11-15,20091115
2009-11-16,20091116
2009-11-17,20091117
2009-11-18,20091118
2009-11-19,20091119
2009-11-20,20091120
2009-11-21,20091121
2009-11-22,20091122
2009-11-23,20091123
2009-11-24,20091124
2009-11-25,20091125
2009-11-26,20091126
2009-11-27,20091127
2009-11-28,20091128
2009-11-29,20091129
2009-11-30,20091130
2009-12-01,20091201
2009-12-02,20091202
2009-12-03,20091203
2009-12-04,20091204
2009-12-05,20091205
2009-12-06,20091206
2009-12-07,20091207
2009-12-08,20091208
2009-12-09,20091209
2009-12-10,20091210
2009-12-11,20091211
2009-12-12,20091212
2009-12-13,20091213
2009-12-14,20091214
2009-12-15,20091215
2009-12-16,20091216
2009-12-17,20091217
2009-12-18,20091218
2009-12-19,20091219
2009-12-20,20091220
2009-12-21,20091221
2009-12-22,20091222
2009-12-23,20091223
2009-12-25,20091225
2009-12-26,20091226
2009-12-27,20091227
2009-12-28,20091228
2009-12-29,20091229
2009-12-30,20091230
2009-12-31,20091231
2010-01-01,20100101
2010-01-02,20100102
2010-01-03,20100103
2010-01-04,20100104
2010-01-05,20100105
2010-01-06,20100106
2010-01-07,20100107
2010-01-08,20100108
2010-01-09,20100109
2010-01-10,20100110
2010-01-11,20100111
2010-01-12,20100112
2010-01-13,20100113
2010-01-14,20100114
2010-01-15,20100115
2010-01-16,20100116
2010-01-17,20100117
2010-01-18,20100118
2010-01-19,20100119
2010-01-20,20100120
2010-01-21,20100121
2010-01-22,20100122
2010-01-23,20100123
2010-01-24,20100124
2010-01-25,20100125
2010-01-26,20100126
2010-01-27,20100127
2010-01-28,20100128
2010-01-29,20100129
2010-01-30,20100130
2010-01-31,20100131
2010-02-01,20100201
2010-02-02,20100202
2010-02-03,20100203
2010-02-04,20100204
2010-02-05,20100205
2010-02-06,20100206
2010-02-07,20100207
2010-02-08,20100208
2010-02-09,20100209
2010-02-10,20100210
2010-02-11,20100211
2010-02-16,20100216
2010-02-17,20100217
2010-02-18,20100218
2010-02-19,20100219
2010-02-20,20100220
2010-02-21,20100221
2010-02-22,20100222
2010-02-23,20100223
2010-02-24,20100224
2010-02-25,20100225
2010-02-26,20100226
2010-02-27,20100227
2010-02-28,20100228
2010-03-01,20100301
2010-03-02,20100302
2010-03-03,20100303
2010-03-04,20100304
2010-03-05,20100305
2010-03-06,20100306
2010-03-07,20100307
2010-03-08,20100308
2010-03-09,20100309
2010-03-10,20100310
2010-03-11,20100311
2010-03-12,20100312
2010-03-13,20100313
2010-03-14,20100314
2010-03-15,20100315
2010-03-16,20100316
2010-03-17,20100317
2010-03-18,20100318
2010-03-19,20100319
2010-03-20,20100320
2010-03-21,20100321
2010-03-22,20100322
2010-03-23,20100323
2010-03-24,20100324
2010-03-25,20100325
2010-03-26,20100326
2010-03-27,20100327
2010-03-28,20100328
2010-03-29,20100329
2010-03-30,20100330
2010-03-31,20100331
2010-04-01,20100401
2010-04-02,20100402
2010-04-03,20100403
2010-04-04,20100404
2010-04-06,20100406
2010-04-07,20100407
2010-04-08,20100408
2010-04-09,20100409
2010-04-10,20100410
2010-04-11,20100411
2010-04-12,20100412
2010-04-13,20100413
2010-04-14,20100414
2010-04-17,20100417
2010-04-18,20100418
2010-04-19,20100419
2010-04-20,20100420
2010-04-21,20100421
2010-04-22,20100422
2010-04-23,20100423
2010-04-24,20100424
2010-04-25,20100425
2010-04-26,20100426
2010-04-27,20100427
2010-04-28,20100428
2010-04-29,20100429
2010-04-30,20100430
2010-05-01,20100501
2010-05-02,20100502
2010-05-03,20100503
2010-05-04,20100504
2010-05-05,20100505
2010-05-06,20100506
2010-05-07,20100507
2010-05-08,20100508
2010-05-09,20100509
2010-05-10,20100510
2010-05-11,20100511
2010-05-13,20100513
2010-05-16,20100516
2010-05-17,20100517
2010-05-18,20100518
2010-05-19,20100519
2010-05-22,20100522
2010-05-23,20100523
2010-05-24,20100524
2010-05-25,20100525
2010-05-26,20100526
2010-05-27,20100527
2010-05-28,20100528
2010-05-29,20100529
2010-06-03,20100603
2010-06-06,20100606
2010-06-08,20100608
2010-06-10,20100610
2010-06-13,20100613
2010-06-15,20100615
2010-06-17,20100617
2010-10-26,20101026
2010-10-27,20101027
2010-10-28,20101028
2010-10-29,20101029
2010-10-30,20101030
2010-10-31,20101031
2010-11-01,20101101
2010-11-02,20101102
2010-11-03,20101103
2010-11-04,20101104
2010-11-05,20101105
2010-11-06,20101106
2010-11-07,20101107
2010-11-08,20101108
2010-11-09,20101109
2010-11-10,20101110
2010-11-11,20101111
2010-11-12,20101112
2010-11-13,20101113
2010-11-14,20101114
2010-11-15,20101115
2010-11-16,20101116
2010-11-17,20101117
2010-11-18,20101118
2010-11-19,20101119
2010-11-20,20101120
2010-11-21,20101121
2010-11-22,20101122
2010-11-23,20101123
2010-11-24,20101124
2010-11-25,20101125
2010-11-26,20101126
2010-11-27,20101127
2010-11-28,20101128
2010-11-29,20101129
2010-11-30,20101130
2010-12-01,20101201
2010-12-02,20101202
2010-12-03,20101203
2010-12-04,20101204
2010-12-05,20101205
2010-12-06,20101206
2010-12-07,20101207
2010-12-08,20101208
2010-12-09,20101209
2010-12-10,20101210
2010-12-11,20101211
2010-12-12,20101212
2010-12-13,20101213
2010-12-14,20101214
2010-12-15,20101215
2010-12-16,20101216
2010-12-17,20101217
2010-12-18,20101218
2010-12-19,20101219
2010-12-20,20101220
2010-12-21,20101221
2010-12-22,20101222
2010-12-23,20101223
2010-12-25,20101225
2010-12-26,20101226
2010-12-27,20101227
2010-12-28,20101228
2010-12-29,20101229
2010-12-30,20101230
2010-12-31,20101231
2011-01-01,20110101
2011-01-02,20110102
2011-01-03,20110103
2011-01-04,20110104
2011-01-05,20110105
2011-01-06,20110106
2011-01-07,20110107
2011-01-08,20110108
2011-01-09,20110109
2011-01-10,20110110
2011-01-11,20110111
2011-01-12,20110112
2011-01-13,20110113
2011-01-14,20110114
2011-01-15,20110115
2011-01-16,20110116
2011-01-17,20110117
2011-01-18,20110118
2011-01-19,20110119
2011-01-20,20110120
2011-01-21,20110121
2011-01-22,20110122
2011-01-23,20110123
2011-01-24,20110124
2011-01-25,20110125
2011-01-26,20110126
2011-01-27,20110127
2011-01-28,20110128
2011-01-29,20110129
2011-01-30,20110130
2011-01-31,20110131
2011-02-01,20110201
2011-02-02,20110202
2011-02-03,20110203
2011-02-04,20110204
2011-02-05,20110205
2011-02-06,20110206
2011-02-07,20110207
2011-02-08,20110208
2011-02-09,20110209
2011-02-10,20110210
2011-02-11,20110211
2011-02-12,20110212
2011-02-13,20110213
2011-02-14,20110214
2011-02-15,20110215
2011-02-16,20110216
2011-02-17,20110217
2011-02-22,20110222
2011-02-23,20110223
2011-02-24,20110224
2011-02-25,20110225
2011-02-26,20110226
2011-02-27,20110227
2011-02-28,20110228
2011-03-01,20110301
2011-03-02,20110302
2011-03-03,20110303
2011-03-04,20110304
2011-03-05,20110305
2011-03-06,20110306
2011-03-07,20110307
2011-03-08,20110308
2011-03-09,20110309
2011-03-10,20110310
2011-03-11,20110311
2011-03-12,20110312
2011-03-13,20110313
2011-03-14,20110314
2011-03-15,20110315
2011-03-16,20110316
2011-03-17,20110317
2011-03-18,20110318
2011-03-19,20110319
2011-03-20,20110320
2011-03-21,20110321
2011-03-22,20110322
2011-03-23,20110323
2011-03-24,20110324
2011-03-25,20110325
2011-03-26,20110326
2011-03-27,20110327
2011-03-28,20110328
2011-03-29,20110329
2011-03-30,20110330
2011-03-31,20110331
2011-04-01,20110401
2011-04-02,20110402
2011-04-03,20110403
2011-04-05,20110405
2011-04-06,20110406
2011-04-07,20110407
2011-04-08,20110408
2011-04-09,20110409
2011-04-10,20110410
2011-04-11,20110411
2011-04-12,20110412
2011-04-13,20110413
2011-04-16,20110416
2011-04-17,20110417
2011-04-18,20110418
2011-04-19,20110419
2011-04-20,20110420
2011-04-21,20110421
2011-04-22,20110422
2011-04-23,20110423
2011-04-24,20110424
2011-04-25,20110425
2011-04-26,20110426
2011-04-27,20110427
2011-04-28,20110428
2011-04-29,20110429
2011-05-01,20110501
2011-05-02,20110502
2011-05-03,20110503
2011-05-04,20110504
2011-05-06,20110506
2011-05-07,20110507
2011-05-08,20110508
2011-05-09,20110509
2011-05-10,20110510
2011-05-11,20110511
2011-05-12,20110512
2011-05-13,20110513
2011-05-15,20110515
2011-05-17,20110517
2011-05-18,20110518
2011-05-19,20110519
2011-05-21,20110521
2011-05-22,20110522
2011-05-23,20110523
2011-05-24,20110524
2011-05-25,20110525
2011-05-26,20110526
2011-05-31,20110531
2011-06-02,20110602
2011-06-05,20110605
2011-06-07,20110607
2011-06-09,20110609
2011-06-12,20110612
2011-12-25,20111225
2011-12-26,20111226
2011-12-27,20111227
2011-12-28,20111228
2011-12-29,20111229
2011-12-30,20111230
2011-12-31,20111231
2012-01-01,20120101
2012-01-02,20120102
2012-01-03,20120103
2012-01-04,20120104
2012-01-05,20120105
2012-01-06,20120106
2012-01-07,20120107
2012-01-08,20120108
2012-01-09,20120109
2012-01-10,20120110
2012-01-11,20120111
2012-01-12,20120112
2012-01-13,20120113
2012-01-14,20120114
2012-01-15,20120115
2012-01-16,20120116
2012-01-17,20120117
2012-01-18,20120118
2012-01-19,20120119
2012-01-20,20120120
2012-01-21,20120121
2012-01-22,20120122
2012-01-23,20120123
2012-01-24,20120124
2012-01-25,20120125
2012-01-26,20120126
2012-01-27,20120127
2012-01-28,20120128
2012-01-29,20120129
2012-01-30,20120130
2012-01-31,20120131
2012-02-01,20120201
2012-02-02,20120202
2012-02-03,20120203
2012-02-04,20120204
2012-02-05,20120205
2012-02-06,20120206
2012-02-07,20120207
2012-02-08,20120208
2012-02-09,20120209
2012-02-10,20120210
2012-02-11,20120211
2012-02-12,20120212
2012-02-13,20120213
2012-02-14,20120214
2012-02-15,20120215
2012-02-16,20120216
2012-02-17,20120217
2012-02-18,20120218
2012-02-19,20120219
2012-02-20,20120220
2012-02-21,20120221
2012-02-22,20120222
2012-02-23,20120223
2012-02-28,20120228
2012-02-29,20120229
2012-03-01,20120301
2012-03-02,20120302
2012-03-03,20120303
2012-03-04,20120304
2012-03-05,20120305
2012-03-06,20120306
2012-03-07,20120307
2012-03-08,20120308
2012-03-09,20120309
2012-03-10,20120310
2012-03-11,20120311
2012-03-12,20120312
2012-03-13,20120313
2012-03-14,20120314
2012-03-15,20120315
2012-03-16,20120316
2012-03-17,20120317
2012-03-18,20120318
2012-03-19,20120319
2012-03-20,20120320
2012-03-21,20120321
2012-03-22,20120322
2012-03-23,20120323
2012-03-24,20120324
2012-03-25,20120325
2012-03-26,20120326
2012-03-27,20120327
2012-03-28,20120328
2012-03-29,20120329
2012-03-30,20120330
2012-03-31,20120331
2012-04-01,20120401
2012-04-02,20120402
2012-04-03,20120403
2012-04-04,20120404
2012-04-05,20120405
2012-04-06,20120406
2012-04-07,20120407
2012-04-08,20120408
2012-04-09,20120409
2012-04-10,20120410
2012-04-11,20120411
2012-04-12,20120412
2012-04-13,20120413
2012-04-14,20120414
2012-04-15,20120415
2012-04-16,20120416
2012-04-17,20120417
2012-04-18,20120418
2012-04-19,20120419
2012-04-20,20120420
2012-04-21,20120421
2012-04-22,20120422
2012-04-23,20120423
2012-04-24,20120424
2012-04-25,20120425
2012-04-26,20120426
2012-04-28,20120428
2012-04-29,20120429
2012-04-30,20120430
2012-05-01,20120501
2012-05-02,20120502
2012-05-03,20120503
2012-05-04,20120504
2012-05-05,20120505
2012-05-06,20120506
2012-05-07,20120507
2012-05-08,20120508
2012-05-09,20120509
2012-05-10,20120510
2012-05-11,20120511
2012-05-12,20120512
2012-05-13,20120513
2012-05-14,20120514
2012-05-15,20120515
2012-05-16,20120516
2012-05-17,20120517
2012-05-18,20120518
2012-05-19,20120519
2012-05-20,20120520
2012-05-21,20120521
2012-05-22,20120522
2012-05-23,20120523
2012-05-24,20120524
2012-05-26,20120526
2012-05-27,20120527
2012-05-28,20120528
2012-05-29,20120529
2012-05-30,20120530
2012-05-31,20120531
2012-06-01,20120601
2012-06-02,20120602
2012-06-03,20120603
2012-06-04,20120604
2012-06-05,20120605
2012-06-06,20120606
2012-06-07,20120607
2012-06-09,20120609
2012-06-12,20120612
2012-06-14,20120614
2012-06-17,20120617
2012-06-19,20120619
2012-06-21,20120621
2012-10-30,20121030
2012-10-31,20121031
2012-11-01,20121101
2012-11-02,20121102
2012-11-03,20121103
2012-11-04,20121104
2012-11-05,20121105
2012-11-06,20121106
2012-11-07,20121107
2012-11-08,20121108
2012-11-09,20121109
2012-11-10,20121110
2012-11-11,20121111
2012-11-12,20121112
2012-11-13,20121113
2012-11-14,20121114
2012-11-15,20121115
2012-11-16,20121116
2012-11-17,20121117
2012-11-18,20121118
2012-11-19,20121119
2012-11-20,20121120
2012-11-21,20121121
2012-11-23,20121123
2012-11-24,20121124
2012-11-25,20121125
2012-11-26,20121126
2012-11-27,20121127
2012-11-28,20121128
2012-11-29,20121129
2012-11-30,20121130
2012-12-01,20121201
2012-12-02,20121202
2012-12-03,20121203
2012-12-04,20121204
2012-12-05,20121205
2012-12-06,20121206
2012-12-07,20121207
2012-12-08,20121208
2012-12-09,20121209
2012-12-10,20121210
2012-12-11,20121211
2012-12-12,20121212
2012-12-13,20121213
2012-12-14,20121214
2012-12-15,20121215
2012-12-16,20121216
2012-12-17,20121217
2012-12-18,20121218
2012-12-19,20121219
2012-12-20,20121220
2012-12-21,20121221
2012-12-22,20121222
2012-12-23,20121223
2012-12-25,20121225
2012-12-26,20121226
2012-12-27,20121227
2012-12-28,20121228
2012-12-29,20121229
2012-12-30,20121230
2012-12-31,20121231
2013-01-01,20130101
2013-01-02,20130102
2013-01-03,20130103
2013-01-04,20130104
2013-01-05,20130105
2013-01-06,20130106
2013-01-07,20130107
2013-01-08,20130108
2013-01-09,20130109
2013-01-10,20130110
2013-01-11,20130111
2013-01-12,20130112
2013-01-13,20130113
2013-01-14,20130114
2013-01-15,20130115
2013-01-16,20130116
2013-01-17,20130117
2013-01-18,20130118
2013-01-19,20130119
2013-01-20,20130120
2013-01-21,20130121
2013-01-22,20130122
2013-01-23,20130123
2013-01-24,20130124
2013-01-25,20130125
2013-01-26,20130126
2013-01-27,20130127
2013-01-28,20130128
2013-01-29,20130129
2013-01-30,20130130
2013-01-31,20130131
2013-02-01,20130201
2013-02-02,20130202
2013-02-03,20130203
2013-02-04,20130204
2013-02-05,20130205
2013-02-06,20130206
2013-02-07,20130207
2013-02-08,20130208
2013-02-09,20130209
2013-02-10,20130210
2013-02-11,20130211
2013-02-12,20130212
2013-02-13,20130213
2013-02-14,20130214
2013-02-19,20130219
2013-02-20,20130220
2013-02-21,20130221
2013-02-22,20130222
2013-02-23,20130223
2013-02-24,20130224
2013-02-25,20130225
2013-02-26,20130226
2013-02-27,20130227
2013-02-28,20130228
2013-03-01,20130301
2013-03-02,20130302
2013-03-03,20130303
2013-03-04,20130304
2013-03-05,20130305
2013-03-06,20130306
2013-03-07,20130307
2013-03-08,20130308
2013-03-09,20130309
2013-03-10,20130310
2013-03-11,20130311
2013-03-12,20130312
2013-03-13,20130313
2013-03-14,20130314
2013-03-15,20130315
2013-03-16,20130316
2013-03-17,20130317
2013-03-18,20130318
2013-03-19,20130319
2013-03-20,20130320
2013-03-21,20130321
2013-03-22,20130322
2013-03-23,20130323
2013-03-24,20130324
2013-03-25,20130325
2013-03-26,20130326
2013-03-27,20130327
2013-03-28,20130328
2013-03-29,20130329
2013-03-30,20130330
2013-03-31,20130331
2013-04-01,20130401
2013-04-02,20130402
2013-04-03,20130403
2013-04-04,20130404
2013-04-05,20130405
2013-04-06,20130406
2013-04-07,20130407
2013-04-09,20130409
2013-04-10,20130410
2013-04-11,20130411
2013-04-12,20130412
2013-04-13,20130413
2013-04-14,20130414
2013-04-15,20130415
2013-04-16,20130416
2013-04-17,20130417
2013-04-20,20130420
2013-04-21,20130421
2013-04-22,20130422
2013-04-23,20130423
2013-04-24,20130424
2013-04-25,20130425
2013-04-26,20130426
2013-04-27,20130427
2013-04-28,20130428
2013-04-29,20130429
2013-04-30,20130430
2013-05-01,20130501
2013-05-02,20130502
2013-05-03,20130503
2013-05-04,20130504
2013-05-05,20130505
2013-05-06,20130506
2013-05-07,20130507
2013-05-08,20130508
2013-05-10,20130510
2013-05-11,20130511
2013-05-12,20130512
2013-05-13,20130513
2013-05-14,20130514
2013-05-15,20130515
2013-05-16,20130516
2013-05-18,20130518
2013-05-19,20130519
2013-05-21,20130521
2013-05-22,20130522
2013-05-24,20130524
2013-05-25,20130525
2013-05-26,20130526
2013-05-27,20130527
2013-05-28,20130528
2013-05-30,20130530
2013-06-01,20130601
2013-06-03,20130603
2013-06-06,20130606
2013-06-09,20130609
2013-06-11,20130611
2013-06-13,20130613
2013-06-16,20130616
2013-06-18,20130618
2013-06-20,20130620
2013-10-29,20131029
2013-10-30,20131030
2013-10-31,20131031
2013-11-01,20131101
2013-11-02,20131102
2013-11-03,20131103
2013-11-04,20131104
2013-11-05,20131105
2013-11-06,20131106
2013-11-07,20131107
2013-11-08,20131108
2013-11-09,20131109
2013-11-10,20131110
2013-11-11,20131111
2013-11-12,20131112
2013-11-13,20131113
2013-11-14,20131114
2013-11-15,20131115
2013-11-16,20131116
2013-11-17,20131117
2013-11-18,20131118
2013-11-19,20131119
2013-11-20,20131120
2013-11-21,20131121
2013-11-22,20131122
2013-11-23,20131123
2013-11-24,20131124
2013-11-25,20131125
2013-11-26,20131126
2013-11-27,20131127
2013-11-29,20131129
2013-11-30,20131130
2013-12-01,20131201
2013-12-02,20131202
2013-12-03,20131203
2013-12-04,20131204
2013-12-05,20131205
2013-12-06,20131206
2013-12-07,20131207
2013-12-08,20131208
2013-12-09,20131209
2013-12-10,20131210
2013-12-11,20131211
2013-12-12,20131212
2013-12-13,20131213
2013-12-14,20131214
2013-12-15,20131215
2013-12-16,20131216
2013-12-17,20131217
2013-12-18,20131218
2013-12-19,20131219
2013-12-20,20131220
2013-12-21,20131221
2013-12-22,20131222
2013-12-23,20131223
2013-12-25,20131225
2013-12-26,20131226
2013-12-27,20131227
2013-12-28,20131228
2013-12-29,20131229
2013-12-30,20131230
2013-12-31,20131231
2014-01-01,20140101
2014-01-02,20140102
2014-01-03,20140103
2014-01-04,20140104
2014-01-05,20140105
2014-01-06,20140106
2014-01-07,20140107
2014-01-08,20140108
2014-01-09,20140109
2014-01-10,20140110
2014-01-11,20140111
2014-01-12,20140112
2014-01-13,20140113
2014-01-14,20140114
2014-01-15,20140115
2014-01-16,20140116
2014-01-17,20140117
2014-01-18,20140118
2014-01-19,20140119
2014-01-20,20140120
2014-01-21,20140121
2014-01-22,20140122
2014-01-23,20140123
2014-01-24,20140124
2014-01-25,20140125
2014-01-26,20140126
2014-01-27,20140127
2014-01-28,20140128
2014-01-29,20140129
2014-01-30,20140130
2014-01-31,20140131
2014-02-01,20140201
2014-02-02,20140202
2014-02-03,20140203
2014-02-04,20140204
2014-02-05,20140205
2014-02-06,20140206
2014-02-07,20140207
2014-02-08,20140208
2014-02-09,20140209
2014-02-10,20140210
2014-02-11,20140211
2014-02-12,20140212
2014-02-13,20140213
2014-02-18,20140218
2014-02-19,20140219
2014-02-20,20140220
2014-02-21,20140221
2014-02-22,20140222
2014-02-23,20140223
2014-02-24,20140224
2014-02-25,20140225
2014-02-26,20140226
2014-02-27,20140227
2014-02-28,20140228
2014-03-01,20140301
2014-03-02,20140302
2014-03-03,20140303
2014-03-04,20140304
2014-03-05,20140305
2014-03-06,20140306
2014-03-07,20140307
2014-03-08,20140308
2014-03-09,20140309
2014-03-10,20140310
2014-03-11,20140311
2014-03-12,20140312
2014-03-13,20140313
2014-03-14,20140314
2014-03-15,20140315
2014-03-16,20140316
2014-03-17,20140317
2014-03-18,20140318
2014-03-19,20140319
2014-03-20,20140320
2014-03-21,20140321
2014-03-22,20140322
2014-03-23,20140323
2014-03-24,20140324
2014-03-25,20140325
2014-03-26,20140326
2014-03-27,20140327
2014-03-28,20140328
2014-03-29,20140329
2014-03-30,20140330
2014-03-31,20140331
2014-04-01,20140401
2014-04-02,20140402
2014-04-03,20140403
2014-04-04,20140404
2014-04-05,20140405
2014-04-06,20140406
2014-04-08,20140408
2014-04-09,20140409
2014-04-10,20140410
2014-04-11,20140411
2014-04-12,20140412
2014-04-13,20140413
2014-04-14,20140414
2014-04-15,20140415
2014-04-16,20140416
2014-04-19,20140419
2014-04-20,20140420
2014-04-21,20140421
2014-04-22,20140422
2014-04-23,20140423
2014-04-24,20140424
2014-04-25,20140425
2014-04-26,20140426
2014-04-27,20140427
2014-04-28,20140428
2014-04-29,20140429
2014-04-30,20140430
2014-05-01,20140501
2014-05-02,20140502
2014-05-03,20140503
2014-05-04,20140504
2014-05-05,20140505
2014-05-06,20140506
2014-05-07,20140507
2014-05-08,20140508
2014-05-09,20140509
2014-05-10,20140510
2014-05-11,20140511
2014-05-12,20140512
2014-05-13,20140513
2014-05-14,20140514
2014-05-15,20140515
2014-05-18,20140518
2014-05-19,20140519
2014-05-20,20140520
2014-05-21,20140521
2014-05-24,20140524
2014-05-25,20140525
2014-05-26,20140526
2014-05-27,20140527
2014-05-28,20140528
2014-05-29,20140529
2014-05-30,20140530
2014-05-31,20140531
2014-06-05,20140605
2014-06-08,20140608
2014-06-10,20140610
2014-06-12,20140612
2014-06-15,20140615
2014-10-28,20141028
2014-10-29,20141029
2014-10-30,20141030
2014-10-31,20141031
2014-11-01,20141101
2014-11-02,20141102
2014-11-03,20141103
2014-11-04,20141104
2014-11-05,20141105
2014-11-06,20141106
2014-11-07,20141107
2014-11-08,20141108
2014-11-09,20141109
2014-11-10,20141110
2014-11-11,20141111
2014-11-12,20141112
2014-11-13,20141113
2014-11-14,20141114
2014-11-15,20141115
2014-11-16,20141116
2014-11-17,20141117
2014-11-18,20141118
2014-11-19,20141119
2014-11-20,20141120
2014-11-21,20141121
2014-11-22,20141122
2014-11-23,20141123
2014-11-24,20141124
2014-11-25,20141125
2014-11-26,20141126
2014-11-28,20141128
2014-11-29,20141129
2014-11-30,20141130
2014-12-01,20141201
2014-12-02,20141202
2014-12-03,20141203
2014-12-04,20141204
2014-12-05,20141205
2014-12-06,20141206
2014-12-07,20141207
2014-12-08,20141208
2014-12-09,20141209
2014-12-10,20141210
2014-12-11,20141211
2014-12-12,20141212
2014-12-13,20141213
2014-12-14,20141214
2014-12-15,20141215
2014-12-16,20141216
2014-12-17,20141217
2014-12-18,20141218
2014-12-19,20141219
2014-12-20,20141220
2014-12-21,20141221
2014-12-22,20141222
2014-12-23,20141223
2014-12-25,20141225
2014-12-26,20141226
2014-12-27,20141227
2014-12-28,20141228
2014-12-29,20141229
2014-12-30,20141230
2014-12-31,20141231
2015-01-01,20150101
2015-01-02,20150102
2015-01-03,20150103
2015-01-04,20150104
2015-01-05,20150105
2015-01-06,20150106
2015-01-07,20150107
2015-01-08,20150108
2015-01-09,20150109
2015-01-10,20150110
2015-01-11,20150111
2015-01-12,20150112
2015-01-13,20150113
2015-01-14,20150114
2015-01-15,20150115
2015-01-16,20150116
2015-01-17,20150117
2015-01-18,20150118
2015-01-19,20150119
2015-01-20,20150120
2015-01-21,20150121
2015-01-22,20150122
2015-01-23,20150123
2015-01-24,20150124
2015-01-25,20150125
2015-01-26,20150126
2015-01-27,20150127
2015-01-28,20150128
2015-01-29,20150129
2015-01-30,20150130
2015-01-31,20150131
2015-02-01,20150201
2015-02-02,20150202
2015-02-03,20150203
2015-02-04,20150204
2015-02-05,20150205
2015-02-06,20150206
2015-02-07,20150207
2015-02-08,20150208
2015-02-09,20150209
2015-02-10,20150210
2015-02-11,20150211
2015-02-12,20150212
2015-02-19,20150219
2015-02-20,20150220
2015-02-21,20150221
2015-02-22,20150222
2015-02-23,20150223
2015-02-24,20150224
2015-02-25,20150225
2015-02-26,20150226
2015-02-27,20150227
2015-02-28,20150228
2015-03-01,20150301
2015-03-02,20150302
2015-03-03,20150303
2015-03-04,20150304
2015-03-05,20150305
2015-03-06,20150306
2015-03-07,20150307
2015-03-08,20150308
2015-03-09,20150309
2015-03-10,20150310
2015-03-11,20150311
2015-03-12,20150312
2015-03-13,20150313
2015-03-14,20150314
2015-03-15,20150315
2015-03-16,20150316
2015-03-17,20150317
2015-03-18,20150318
2015-03-19,20150319
2015-03-20,20150320
2015-03-21,20150321
2015-03-22,20150322
2015-03-23,20150323
2015-03-24,20150324
2015-03-25,20150325
2015-03-26,20150326
2015-03-27,20150327
2015-03-28,20150328
2015-03-29,20150329
2015-03-30,20150330
2015-03-31,20150331
2015-04-01,20150401
2015-04-02,20150402
2015-04-03,20150403
2015-04-04,20150404
2015-04-05,20150405
2015-04-06,20150406
2015-04-07,20150407
2015-04-08,20150408
2015-04-09,20150409
2015-04-10,20150410
2015-04-11,20150411
2015-04-12,20150412
2015-04-13,20150413
2015-04-14,20150414
2015-04-15,20150415
2015-04-18,20150418
2015-04-19,20150419
2015-04-20,20150420
2015-04-21,20150421
2015-04-22,20150422
2015-04-23,20150423
2015-04-24,20150424
2015-04-25,20150425
2015-04-26,20150426
2015-04-27,20150427
2015-04-28,20150428
2015-04-29,20150429
2015-04-30,20150430
2015-05-01,20150501
2015-05-02,20150502
2015-05-03,20150503
2015-05-04,20150504
2015-05-05,20150505
2015-05-06,20150506
2015-05-08,20150508
2015-05-09,20150509
2015-05-10,20150510
2015-05-11,20150511
2015-05-12,20150512
2015-05-13,20150513
2015-05-14,20150514
2015-05-15,20150515
2015-05-17,20150517
2015-05-19,20150519
2015-05-20,20150520
2015-05-21,20150521
2015-05-22,20150522
2015-05-23,20150523
2015-05-24,20150524
2015-05-25,20150525
2015-05-26,20150526
2015-05-27,20150527
2015-06-04,20150604
2015-06-07,20150607
2015-06-09,20150609
2015-06-11,20150611
2015-06-14,20150614
2015-06-16,20150616
2015-10-27,20151027
2015-10-28,20151028
2015-10-29,20151029
2015-10-30,20151030
2015-10-31,20151031
2015-11-01,20151101
2015-11-02,20151102
2015-11-03,20151103
2015-11-04,20151104
2015-11-05,20151105
2015-11-06,20151106
2015-11-07,20151107
2015-11-08,20151108
2015-11-09,20151109
2015-11-10,20151110
2015-11-11,20151111
2015-11-12,20151112
2015-11-13,20151113
2015-11-14,20151114
2015-11-15,20151115
2015-11-16,20151116
2015-11-17,20151117
2015-11-18,20151118
2015-11-19,20151119
2015-11-20,20151120
2015-11-21,20151121
2015-11-22,20151122
2015-11-23,20151123
2015-11-24,20151124
2015-11-25,20151125
2015-11-27,20151127
2015-11-28,20151128
2015-11-29,20151129
2015-11-30,20151130
2015-12-01,20151201
2015-12-02,20151202
2015-12-03,20151203
2015-12-04,20151204
2015-12-05,20151205
2015-12-06,20151206
2015-12-07,20151207
2015-12-08,20151208
2015-12-09,20151209
2015-12-10,20151210
2015-12-11,20151211
2015-12-12,20151212
2015-12-13,20151213
2015-12-14,20151214
2015-12-15,20151215
2015-12-16,20151216
2015-12-17,20151217
2015-12-18,20151218
2015-12-19,20151219
2015-12-20,20151220
2015-12-21,20151221
2015-12-22,20151222
2015-12-23,20151223
2015-12-25,20151225
2015-12-26,20151226
2015-12-27,20151227
2015-12-28,20151228
2015-12-29,20151229
2015-12-30,20151230
2015-12-31,20151231
2016-01-01,20160101
2016-01-02,20160102
2016-01-03,20160103
2016-01-04,20160104
2016-01-05,20160105
2016-01-06,20160106
2016-01-07,20160107
2016-01-08,20160108
2016-01-09,20160109
2016-01-10,20160110
2016-01-11,20160111
2016-01-12,20160112
2016-01-13,20160113
2016-01-14,20160114
2016-01-15,20160115
2016-01-16,20160116
2016-01-17,20160117
2016-01-18,20160118
2016-01-19,20160119
2016-01-20,20160120
2016-01-21,20160121
2016-01-22,20160122
2016-01-23,20160123
2016-01-24,20160124
2016-01-25,20160125
2016-01-26,20160126
2016-01-27,20160127
2016-01-28,20160128
2016-01-29,20160129
2016-01-30,20160130
2016-01-31,20160131
2016-02-01,20160201
2016-02-02,20160202
2016-02-03,20160203
2016-02-04,20160204
2016-02-05,20160205
2016-02-06,20160206
2016-02-07,20160207
2016-02-08,20160208
2016-02-09,20160209
2016-02-10,20160210
2016-02-11,20160211
2016-02-18,20160218
2016-02-19,20160219
2016-02-20,20160220
2016-02-21,20160221
2016-02-22,20160222
2016-02-23,20160223
2016-02-24,20160224
2016-02-25,20160225
2016-02-26,20160226
2016-02-27,20160227
2016-02-28,20160228
2016-02-29,20160229
2016-03-01,20160301
2016-03-02,20160302
2016-03-03,20160303
2016-03-04,20160304
2016-03-05,20160305
2016-03-06,20160306
2016-03-07,20160307
2016-03-08,20160308
2016-03-09,20160309
2016-03-10,20160310
2016-03-11,20160311
2016-03-12,20160312
2016-03-13,20160313
2016-03-14,20160314
2016-03-15,20160315
2016-03-16,20160316
2016-03-17,20160317
2016-03-18,20160318
2016-03-19,20160319
2016-03-20,20160320
2016-03-21,20160321
2016-03-22,20160322
2016-03-23,20160323
2016-03-24,20160324
2016-03-25,20160325
2016-03-26,20160326
2016-03-27,20160327
2016-03-28,20160328
2016-03-29,20160329
2016-03-30,20160330
2016-03-31,20160331
2016-04-01,20160401
2016-04-02,20160402
2016-04-03,20160403
2016-04-05,20160405
2016-04-06,20160406
2016-04-07,20160407
2016-04-08,20160408
2016-04-09,20160409
2016-04-10,20160410
2016-04-11,20160411
2016-04-12,20160412
2016-04-13,20160413
2016-04-16,20160416
2016-04-17,20160417
2016-04-18,20160418
2016-04-19,20160419
2016-04-20,20160420
2016-04-21,20160421
2016-04-22,20160422
2016-04-23,20160423
2016-04-24,20160424
2016-04-25,20160425
2016-04-26,20160426
2016-04-27,20160427
2016-04-28,20160428
2016-04-29,20160429
2016-04-30,20160430
2016-05-01,20160501
2016-05-02,20160502
2016-05-03,20160503
2016-05-04,20160504
2016-05-05,20160505
2016-05-06,20160506
2016-05-07,20160507
2016-05-08,20160508
2016-05-09,20160509
2016-05-10,20160510
2016-05-11,20160511
2016-05-12,20160512
2016-05-13,20160513
2016-05-15,20160515
2016-05-16,20160516
2016-05-17,20160517
2016-05-18,20160518
2016-05-19,20160519
2016-05-21,20160521
2016-05-22,20160522
2016-05-23,20160523
2016-05-24,20160524
2016-05-25,20160525
2016-05-26,20160526
2016-05-27,20160527
2016-05-28,20160528
2016-05-30,20160530
2016-06-02,20160602
2016-06-05,20160605
2016-06-08,20160608
2016-06-10,20160610
2016-06-13,20160613
2016-06-16,20160616
2016-06-19,20160619
2016-10-25,20161025
2016-10-26,20161026
2016-10-27,20161027
2016-10-28,20161028
2016-10-29,20161029
2016-10-30,20161030
2016-10-31,20161031
2016-11-01,20161101
2016-11-02,20161102
2016-11-03,20161103
2016-11-04,20161104
2016-11-05,20161105
2016-11-06,20161106
2016-11-07,20161107
2016-11-08,20161108
2016-11-09,20161109
2016-11-10,20161110
2016-11-11,20161111
2016-11-12,20161112
2016-11-13,20161113
2016-11-14,20161114
2016-11-15,20161115
2016-11-16,20161116
2016-11-17,20161117
2016-11-18,20161118
2016-11-19,20161119
2016-11-20,20161120
2016-11-21,20161121
2016-11-22,20161122
2016-11-23,20161123
2016-11-25,20161125
2016-11-26,20161126
2016-11-27,20161127
2016-11-28,20161128
2016-11-29,20161129
2016-11-30,20161130
2016-12-01,20161201
2016-12-02,20161202
2016-12-03,20161203
2016-12-04,20161204
2016-12-05,20161205
2016-12-06,20161206
2016-12-07,20161207
2016-12-08,20161208
2016-12-09,20161209
2016-12-10,20161210
2016-12-11,20161211
2016-12-12,20161212
2016-12-13,20161213
2016-12-14,20161214
2016-12-15,20161215
2016-12-16,20161216
2016-12-17,20161217
2016-12-18,20161218
2016-12-19,20161219
2016-12-20,20161220
2016-12-21,20161221
2016-12-22,20161222
2016-12-23,20161223
2016-12-25,20161225
2016-12-26,20161226
2016-12-27,20161227
2016-12-28,20161228
2016-12-29,20161229
2016-12-30,20161230
2016-12-31,20161231
2017-01-01,20170101
2017-01-02,20170102
2017-01-03,20170103
2017-01-04,20170104
2017-01-05,20170105
2017-01-06,20170106
2017-01-07,20170107
2017-01-08,20170108
2017-01-09,20170109
2017-01-10,20170110
2017-01-11,20170111
2017-01-12,20170112
2017-01-13,20170113
2017-01-14,20170114
2017-01-15,20170115
2017-01-16,20170116
2017-01-17,20170117
2017-01-18,20170118
2017-01-19,20170119
2017-01-20,20170120
2017-01-21,20170121
2017-01-22,20170122
2017-01-23,20170123
2017-01-24,20170124
2017-01-25,20170125
2017-01-26,20170126
2017-01-27,20170127
2017-01-28,20170128
2017-01-29,20170129
2017-01-30,20170130
2017-01-31,20170131
2017-02-01,20170201
2017-02-02,20170202
2017-02-03,20170203
2017-02-04,20170204
2017-02-05,20170205
2017-02-06,20170206
2017-02-07,20170207
2017-02-08,20170208
2017-02-09,20170209
2017-02-10,20170210
2017-02-11,20170211
2017-02-12,20170212
2017-02-13,20170213
2017-02-14,20170214
2017-02-15,20170215
2017-02-16,20170216
2017-02-23,20170223
2017-02-24,20170224
2017-02-25,20170225
2017-02-26,20170226
2017-02-27,20170227
2017-02-28,20170228
2017-03-01,20170301
2017-03-02,20170302
2017-03-03,20170303
2017-03-04,20170304
2017-03-05,20170305
2017-03-06,20170306
2017-03-07,20170307
2017-03-08,20170308
2017-03-09,20170309
2017-03-10,20170310
2017-03-11,20170311
2017-03-12,20170312
2017-03-13,20170313
2017-03-14,20170314
2017-03-15,20170315
2017-03-16,20170316
2017-03-17,20170317
2017-03-18,20170318
2017-03-19,20170319
2017-03-20,20170320
2017-03-21,20170321
2017-03-22,20170322
2017-03-23,20170323
2017-03-24,20170324
2017-03-25,20170325
2017-03-26,20170326
2017-03-27,20170327
2017-03-28,20170328
2017-03-29,20170329
2017-03-30,20170330
2017-03-31,20170331
2017-04-01,20170401
2017-04-02,20170402
2017-04-03,20170403
2017-04-04,20170404
2017-04-05,20170405
2017-04-06,20170406
2017-04-07,20170407
2017-04-08,20170408
2017-04-09,20170409
2017-04-10,20170410
2017-04-11,20170411
2017-04-12,20170412
2017-04-15,20170415
2017-04-16,20170416
2017-04-17,20170417
2017-04-18,20170418
2017-04-19,20170419
2017-04-20,20170420
2017-04-21,20170421
2017-04-22,20170422
2017-04-23,20170423
2017-04-24,20170424
2017-04-25,20170425
2017-04-26,20170426
2017-04-27,20170427
2017-04-28,20170428
2017-04-30,20170430
2017-05-01,20170501
2017-05-02,20170502
2017-05-03,20170503
2017-05-04,20170504
2017-05-05,20170505
2017-05-06,20170506
2017-05-07,20170507
2017-05-08,20170508
2017-05-09,20170509
2017-05-10,20170510
2017-05-11,20170511
2017-05-12,20170512
2017-05-14,20170514
2017-05-15,20170515
2017-05-16,20170516
2017-05-17,20170517
2017-05-19,20170519
2017-05-20,20170520
2017-05-21,20170521
2017-05-22,20170522
2017-05-23,20170523
2017-05-25,20170525
2017-06-01,20170601
2017-06-04,20170604
2017-06-07,20170607
2017-06-09,20170609
2017-06-12,20170612
2017-10-17,20171017
2017-10-18,20171018
2017-10-19,20171019
2017-10-20,20171020
2017-10-21,20171021
2017-10-22,20171022
2017-10-23,20171023
2017-10-24,20171024
2017-10-25,20171025
2017-10-26,20171026
2017-10-27,20171027
2017-10-28,20171028
2017-10-29,20171029
2017-10-30,20171030
2017-10-31,20171031
2017-11-01,20171101
2017-11-02,20171102
2017-11-03,20171103
2017-11-04,20171104
2017-11-05,20171105
2017-11-06,20171106
2017-11-07,20171107
2017-11-08,20171108
2017-11-09,20171109
2017-11-10,20171110
2017-11-11,20171111
2017-11-12,20171112
2017-11-13,20171113
2017-11-14,20171114
2017-11-15,20171115
2017-11-16,20171116
2017-11-17,20171117
2017-11-18,20171118
2017-11-19,20171119
2017-11-20,20171120
2017-11-21,20171121
2017-11-22,20171122
2017-11-24,20171124
2017-11-25,20171125
2017-11-26,20171126
2017-11-27,20171127
2017-11-28,20171128
2017-11-29,20171129
2017-11-30,20171130
2017-12-01,20171201
2017-12-02,20171202
2017-12-03,20171203
2017-12-04,20171204
2017-12-05,20171205
2017-12-06,20171206
2017-12-07,20171207
2017-12-08,20171208
2017-12-09,20171209
2017-12-10,20171210
2017-12-11,20171211
2017-12-12,20171212
2017-12-13,20171213
2017-12-14,20171214
2017-12-15,20171215
2017-12-16,20171216
2017-12-17,20171217
2017-12-18,20171218
2017-12-19,20171219
2017-12-20,20171220
2017-12-21,20171221
2017-12-22,20171222
2017-12-23,20171223
2017-12-25,20171225
2017-12-26,20171226
2017-12-27,20171227
2017-12-28,20171228
2017-12-29,20171229
2017-12-30,20171230
2017-12-31,20171231
2018-01-01,20180101
2018-01-02,20180102
2018-01-03,20180103
2018-01-04,20180104
2018-01-05,20180105
2018-01-06,20180106
2018-01-07,20180107
2018-01-08,20180108
2018-01-09,20180109
2018-01-10,20180110
2018-01-11,20180111
2018-01-12,20180112
2018-01-13,20180113
2018-01-14,20180114
2018-01-15,20180115
2018-01-16,20180116
2018-01-17,20180117
2018-01-18,20180118
2018-01-19,20180119
2018-01-20,20180120
2018-01-21,20180121
2018-01-22,20180122
2018-01-23,20180123
2018-01-24,20180124
2018-01-25,20180125
2018-01-26,20180126
2018-01-27,20180127
2018-01-28,20180128
2018-01-29,20180129
2018-01-30,20180130
2018-01-31,20180131
2018-02-01,20180201
2018-02-02,20180202
2018-02-03,20180203
2018-02-04,20180204
2018-02-05,20180205
2018-02-06,20180206
2018-02-07,20180207
2018-02-08,20180208
2018-02-09,20180209
2018-02-10,20180210
2018-02-11,20180211
2018-02-12,20180212
2018-02-13,20180213
2018-02-14,20180214
2018-02-15,20180215
2018-02-22,20180222
2018-02-23,20180223
2018-02-24,20180224
2018-02-25,20180225
2018-02-26,20180226
2018-02-27,20180227
2018-02-28,20180228
2018-03-01,20180301
2018-03-02,20180302
2018-03-03,20180303
2018-03-04,20180304
2018-03-05,20180305
2018-03-06,20180306
2018-03-07,20180307
2018-03-08,20180308
2018-03-09,20180309
2018-03-10,20180310
2018-03-11,20180311
2018-03-12,20180312
2018-03-13,20180313
2018-03-14,20180314
2018-03-15,20180315
2018-03-16,20180316
2018-03-17,20180317
2018-03-18,20180318
2018-03-19,20180319
2018-03-20,20180320
2018-03-21,20180321
2018-03-22,20180322
2018-03-23,20180323
2018-03-24,20180324
2018-03-25,20180325
2018-03-26,20180326
2018-03-27,20180327
2018-03-28,20180328
2018-03-29,20180329
2018-03-30,20180330
2018-03-31,20180331
2018-04-01,20180401
2018-04-03,20180403
2018-04-04,20180404
2018-04-05,20180405
2018-04-06,20180406
2018-04-07,20180407
2018-04-08,20180408
2018-04-09,20180409
2018-04-10,20180410
2018-04-11,20180411
2018-04-14,20180414
2018-04-15,20180415
2018-04-16,20180416
2018-04-17,20180417
2018-04-18,20180418
2018-04-19,20180419
2018-04-20,20180420
2018-04-21,20180421
2018-04-22,20180422
2018-04-23,20180423
2018-04-24,20180424
2018-04-25,20180425
2018-04-26,20180426
2018-04-27,20180427
2018-04-28,20180428
2018-04-29,20180429
2018-04-30,20180430
2018-05-01,20180501
2018-05-02,20180502
2018-05-03,20180503
2018-05-04,20180504
2018-05-05,20180505
2018-05-06,20180506
2018-05-07,20180507
2018-05-08,20180508
2018-05-09,20180509
2018-05-13,20180513
2018-05-14,20180514
2018-05-15,20180515
2018-05-16,20180516
2018-05-19,20180519
2018-05-20,20180520
2018-05-21,20180521
2018-05-22,20180522
2018-05-23,20180523
2018-05-24,20180524
2018-05-25,20180525
2018-05-26,20180526
2018-05-27,20180527
2018-05-28,20180528
2018-05-31,20180531
2018-06-03,20180603
2018-06-06,20180606
2018-06-08,20180608
2018-10-16,20181016
2018-10-17,20181017
2018-10-18,20181018
2018-10-19,20181019
2018-10-20,20181020
2018-10-21,20181021
2018-10-22,20181022
2018-10-23,20181023
2018-10-24,20181024
2018-10-25,20181025
2018-10-26,20181026
2018-10-27,20181027
2018-10-28,20181028
2018-10-29,20181029
2018-10-30,20181030
2018-10-31,20181031
2018-11-01,20181101
2018-11-02,20181102
2018-11-03,20181103
2018-11-04,20181104
2018-11-05,20181105
2018-11-06,20181106
2018-11-07,20181107
2018-11-08,20181108
2018-11-09,20181109
2018-11-10,20181110
2018-11-11,20181111
2018-11-12,20181112
2018-11-13,20181113
2018-11-14,20181114
2018-11-15,20181115
2018-11-16,20181116
2018-11-17,20181117
2018-11-18,20181118
2018-11-19,20181119
2018-11-20,20181120
2018-11-21,20181121
2018-11-23,20181123
2018-11-24,20181124
2018-11-25,20181125
2018-11-26,20181126
2018-11-27,20181127
2018-11-28,20181128
2018-11-29,20181129
2018-11-30,20181130
2018-12-01,20181201
2018-12-02,20181202
2018-12-03,20181203
2018-12-04,20181204
2018-12-05,20181205
2018-12-06,20181206
2018-12-07,20181207
2018-12-08,20181208
2018-12-09,20181209
2018-12-10,20181210
2018-12-11,20181211
2018-12-12,20181212
2018-12-13,20181213
2018-12-14,20181214
2018-12-15,20181215
2018-12-16,20181216
2018-12-17,20181217
2018-12-18,20181218
2018-12-19,20181219
2018-12-20,20181220
2018-12-21,20181221
2018-12-22,20181222
2018-12-23,20181223
2018-12-25,20181225
2018-12-26,20181226
2018-12-27,20181227
2018-12-28,20181228
2018-12-29,20181229
2018-12-30,20181230
2018-12-31,20181231
2019-01-01,20190101
2019-01-02,20190102
2019-01-03,20190103
2019-01-04,20190104
2019-01-05,20190105
2019-01-06,20190106
2019-01-07,20190107
2019-01-08,20190108
2019-01-09,20190109
2019-01-10,20190110
2019-01-11,20190111
2019-01-12,20190112
2019-01-13,20190113
2019-01-14,20190114
2019-01-15,20190115
2019-01-16,20190116
2019-01-17,20190117
2019-01-18,20190118
2019-01-19,20190119
2019-01-20,20190120
2019-01-21,20190121
2019-01-22,20190122
2019-01-23,20190123
2019-01-24,20190124
2019-01-25,20190125
2019-01-26,20190126
2019-01-27,20190127
2019-01-28,20190128
2019-01-29,20190129
2019-01-30,20190130
2019-01-31,20190131
2019-02-01,20190201
2019-02-02,20190202
2019-02-03,20190203
2019-02-04,20190204
2019-02-05,20190205
2019-02-06,20190206
2019-02-07,20190207
2019-02-08,20190208
2019-02-09,20190209
2019-02-10,20190210
2019-02-11,20190211
2019-02-12,20190212
2019-02-13,20190213
2019-02-14,20190214
2019-02-21,20190221
2019-02-22,20190222
2019-02-23,20190223
2019-02-24,20190224
2019-02-25,20190225
2019-02-26,20190226
2019-02-27,20190227
2019-02-28,20190228
2019-03-01,20190301
2019-03-02,20190302
2019-03-03,20190303
2019-03-04,20190304
2019-03-05,20190305
2019-03-06,20190306
2019-03-07,20190307
2019-03-08,20190308
2019-03-09,20190309
2019-03-10,20190310
2019-03-11,20190311
2019-03-12,20190312
2019-03-13,20190313
2019-03-14,20190314
2019-03-15,20190315
2019-03-16,20190316
2019-03-17,20190317
2019-03-18,20190318
2019-03-19,20190319
2019-03-20,20190320
2019-03-21,20190321
2019-03-22,20190322
2019-03-23,20190323
2019-03-24,20190324
2019-03-25,20190325
2019-03-26,20190326
2019-03-27,20190327
2019-03-28,20190328
2019-03-29,20190329
2019-03-30,20190330
2019-03-31,20190331
2019-04-01,20190401
2019-04-02,20190402
2019-04-03,20190403
2019-04-04,20190404
2019-04-05,20190405
2019-04-06,20190406
2019-04-07,20190407
2019-04-09,20190409
2019-04-10,20190410
2019-04-13,20190413
2019-04-14,20190414
2019-04-15,20190415
2019-04-16,20190416
2019-04-17,20190417
2019-04-18,20190418
2019-04-19,20190419
2019-04-20,20190420
2019-04-21,20190421
2019-04-22,20190422
2019-04-23,20190423
2019-04-24,20190424
2019-04-25,20190425
2019-04-26,20190426
2019-04-27,20190427
2019-04-28,20190428
2019-04-29,20190429
2019-04-30,20190430
2019-05-01,20190501
2019-05-02,20190502
2019-05-03,20190503
2019-05-04,20190504
2019-05-05,20190505
2019-05-06,20190506
2019-05-07,20190507
2019-05-08,20190508
2019-05-09,20190509
2019-05-10,20190510
2019-05-12,20190512
2019-05-14,20190514
2019-05-15,20190515
2019-05-16,20190516
2019-05-17,20190517
2019-05-18,20190518
2019-05-19,20190519
2019-05-20,20190520
2019-05-21,20190521
2019-05-23,20190523
2019-05-25,20190525
2019-05-30,20190530
2019-06-02,20190602
2019-06-05,20190605
2019-06-07,20190607
2019-06-10,20190610
2019-06-13,20190613
2019-10-22,20191022
2019-10-23,20191023
2019-10-24,20191024
2019-10-25,20191025
2019-10-26,20191026
2019-10-27,20191027
2019-10-28,20191028
2019-10-29,20191029
2019-10-30,20191030
2019-10-31,20191031
2019-11-01,20191101
2019-11-02,20191102
2019-11-03,20191103
2019-11-04,20191104
2019-11-05,20191105
2019-11-06,20191106
2019-11-07,20191107
2019-11-08,20191108
2019-11-09,20191109
2019-11-10,20191110
2019-11-11,20191111
2019-11-12,20191112
2019-11-13,20191113
2019-11-14,20191114
2019-11-15,20191115
2019-11-16,20191116
2019-11-17,20191117
2019-11-18,20191118
2019-11-19,20191119
2019-11-20,20191120
2019-11-21,20191121
2019-11-22,20191122
2019-11-23,20191123
2019-11-24,20191124
2019-11-25,20191125
2019-11-26,20191126
2019-11-27,20191127
2019-11-29,20191129
2019-11-30,20191130
2019-12-01,20191201
2019-12-02,20191202
2019-12-03,20191203
2019-12-04,20191204
